<?xml version="1.0" encoding="UTF-8" standalone="yes" ?>
<?tpi version="0200" ?>
<build id="1UWC18WW">
   <tpi id="WLLANAMB">
      <xrelease order="REL_ALL">
         <release id="REL_ALL">
            <device><![CDATA[\PCI\VEN_168C&DEV_0013&SUBSYS_04081468]]></device>
            <title>IBM 11b/g Wireless LAN Mini PCI Adapter</title>
            <version>2.4.2.3302.0408</version>
            <setup>\SETUP.EXE -S -SMS, ISHIELD</setup>
            <uninstall>@REG\{9FAC9E5C-0D20-4DBF-AFE5-2E09C52A95A2}</uninstall>
            <os id="9X"></os>
            <os id="NT"></os>
         </release>
      </xrelease>
   </tpi>
</build>
