<?xml version="1.0" encoding="UTF-8" standalone="yes" ?>
<?tpi version="0290" ?>
<build id="1XU105US">
   <tpi id="BMMPM">
      <xrelease order="RELEASE">
         <release id="RELEASE">
            <title><gd tpipath="data/resolve[@method=LANGUAGE]">NAME</gd></title>
            <version>1.38</version>
            <lastversion id="CRITICAL"></lastversion>
            <setup>\setup.exe -S -SMS, ishield</setup>
            <uninstall>@REG\Power Features</uninstall>
            <os id="9X">[98,]</os>
            <os id="NT">[NT,]</os>
         </release>
      </xrelease>
      <data>
         <resolve method="LANGUAGE" default="0009">
            <item id="0009">
               <data id="NAME">IBM ThinkPad Battery MaxiMiser and Power Management Features</data>
            </item>
            <item id="0011">
               <data id="NAME">IBM ThinkPad バッテリー省電力機能設定</data>
            </item>
            <item id="0006">
               <data id="NAME">IBM ThinkPad Maksimering af batteriydelse og strømstyring</data>
            </item>
            <item id="000B">
               <data id="NAME">IBM ThinkPadin Ohjattu akkukäytön opt. ja Virransäästötoiminnot</data>
            </item>
            <item id="000C">
               <data id="NAME">Optimiseur de batterie et gestion de l&apos;alimentation du ThinkPad</data>
            </item>
            <item id="0007">
               <data id="NAME">IBM ThinkPad &apos;Akku-MaxiMiser&apos; und Stromsparfunktionen</data>
            </item>
            <item id="0010">
               <data id="NAME">IBM ThinkPad Battery MaxiMiser e funzioni di risparmio energia</data>
            </item>
            <item id="0013">
               <data id="NAME">IBM ThinkPad Batterijwizard en Energiebeheer</data>
            </item>
            <item id="0014">
               <data id="NAME">Batteri- og strømstyringsfunksjoner for IBM ThinkPad</data>
            </item>
            <item id="000A">
               <data id="NAME">Características Maximizador de batería y Gestión de energía</data>
            </item>
            <item id="001D">
               <data id="NAME">Batterimaximeraren och energisparfunktioner för IBM ThinkPad</data>
            </item>
         </resolve>
      </data>
   </tpi>
</build>
