﻿<?xml version="1.0" encoding="UTF-8" standalone="yes" ?>
<?tpi version="0200" ?>
<build id="OSS206WW">
   <tpi id="INTELINF">
      <xrelease order="RELEASE">
         <release id="RELEASE">
            <title>Intel Chipset Support II for Windows 98SE/2000/XP</title>
            <version>4.20.1009</version>
            <setup>\infinst_autol.exe -a -s</setup>
            <uninstall reg="@version\SOFTWARE\INTEL\InfInst">?REF\SOFTWARE\INTEL\InfInst</uninstall>
            <os id="9X">[98,98]</os>
            <os id="NT">[2K,XP]</os>
         </release>
      </xrelease>
   </tpi>
</build>
