﻿<?xml version="1.0" encoding="UTF-8" standalone="yes" ?>
<?tpi version="0290" ?>
<build id="7AVU43WW" keyname="HOTKEYPACK">
   <title><gd path="/build/data/resolve[@method=LANGUAGE]"></gd></title>
   <version>1.31.0610</version>
   <os id="9X">[98,]</os>
   <os id="NT">[NT,]</os>
   <data>
      <resolve method="LANGUAGE" default="0009">
         <item id="0009"><data>ThinkPad Hotkey Features Setup</data></item>
         <item id="0011"><data>ＴｈｉｎｋＰａｄ　ホットキー機能　セットアップ</data></item>
         <item id="0006"><data>Installationsprogram til ThinkPad-genvejstastfunktioner</data></item>
         <item id="000B"><data>ThinkPad-pikanäppäinominaisuuksien asennusohjelma</data></item>
         <item id="000C"><data>Configuration des fonctions de raccourci clavier du ThinkPad</data></item>
         <item id="0007"><data>Konfiguration der Hot-Key-Funktionen für ThinkPad</data></item>
         <item id="0010"><data>Impostazione di ThinkPad Hotkey Features</data></item>
         <item id="0013"><data>Installatie ThinkPad Sneltoetsfuncties</data></item>
         <item id="0014"><data>Installering av veksletastfunksjoner for ThinkPad</data></item>
         <item id="000A"><data>Configuración de las características de teclas aceleradoras de ThinkPad</data></item>
         <item id="001D"><data>ThinkPad Installera snabbtangenstsfunktioner</data></item>
      </resolve>
   </data>
   <tpi id="HOTKEY_2">
      <xrelease order="RELEASE LEGACY">
         <release id="RELEASE">
            <title><gd tpipath="data/resolve[@method=LANGUAGE]">NAME</gd></title>
            <version>1.11</version>
            <lastversion id="CRITICAL">1.11</lastversion>
            <setup><gd tpipath="data/resolve[@method=BIOSID]">RELEASE_INF</gd></setup>
            <uninstall>@DIR\eKeyAgt.inf, DefaultUninstall</uninstall>
            <os id="9X">[ME,]</os>
            <os id="NT">[2K,]</os>
            <dependency id="TPI">HOTKEY</dependency>
            <dependency id="HOTKEY">FFFFFFFF</dependency>
         </release>
         <release id="LEGACY">
            <title><gd tpipath="data/resolve[@method=LANGUAGE]">NAME</gd></title>
            <version>1.09</version>
            <lastversion id="CRITICAL">1.09</lastversion>
            <setup><gd tpipath="data/resolve[@method=BIOSID]">LEGACY_INF</gd></setup>
            <uninstall>@DIR\eKeyAgt.inf, LegacyUninstall</uninstall>
            <os id="9X">[98,]</os>
            <os id="NT">[NT,]</os>
            <dependency id="TPI">HOTKEY</dependency>
            <dependency id="HOTKEY">FFFFFFFF</dependency>
         </release>
      </xrelease>
      <data>
         <resolve method="BIOSID" default="*">
            <item id="*">
               <data id="RELEASE_INF"></data>
               <data id="LEGACY_INF"></data>
            </item>
            <item id="1E">
               <data id="RELEASE_INF"><gd tpipath="data/resolve[@method=LANGUAGE]">EKEYINF</gd></data>
               <data id="LEGACY_INF"><gd tpipath="data/resolve[@method=LANGUAGE]">LGCYINF</gd></data>
            </item>
            <item id="1G">
               <data id="RELEASE_INF"><gd tpipath="data/resolve[@method=LANGUAGE]">EKEYINF</gd></data>
               <data id="LEGACY_INF"><gd tpipath="data/resolve[@method=LANGUAGE]">LGCYINF</gd></data>
            </item>
            <item id="1N">
               <data id="RELEASE_INF"><gd tpipath="data/resolve[@method=LANGUAGE]">EKEYINF</gd></data>
               <data id="LEGACY_INF"><gd tpipath="data/resolve[@method=LANGUAGE]">LGCYINF</gd></data>
            </item>
            <item id="1C">
               <data id="RELEASE_INF"><gd tpipath="data/resolve[@method=LANGUAGE]">EKEYINF2</gd></data>
               <data id="LEGACY_INF"><gd tpipath="data/resolve[@method=LANGUAGE]">DRVRINF</gd></data>
            </item>
            <item id="1F">
               <data id="RELEASE_INF"><gd tpipath="data/resolve[@method=LANGUAGE]">EKEYINF2</gd></data>
               <data id="LEGACY_INF"><gd tpipath="data/resolve[@method=LANGUAGE]">DRVRINF</gd></data>
            </item>
            <item id="1K">
               <data id="RELEASE_INF"><gd tpipath="data/resolve[@method=LANGUAGE]">EKEYINF2</gd></data>
               <data id="LEGACY_INF"><gd tpipath="data/resolve[@method=LANGUAGE]">DRVRINF</gd></data>
            </item>
            <item id="1I">
               <data id="RELEASE_INF"><gd tpipath="data/resolve[@method=LANGUAGE]">EKEYINF2</gd></data>
               <data id="LEGACY_INF"><gd tpipath="data/resolve[@method=LANGUAGE]">DRVRINF</gd></data>
            </item>
            <item id="1M">
               <data id="RELEASE_INF"><gd tpipath="data/resolve[@method=LANGUAGE]">EKEYINF2</gd></data>
            </item>
            <item id="1O">
               <data id="RELEASE_INF"><gd tpipath="data/resolve[@method=LANGUAGE]">EKEYINF2</gd></data>
               <data id="LEGACY_INF"><gd tpipath="data/resolve[@method=LANGUAGE]">DRVRINF</gd></data>
            </item>
            <item id="1P">
               <data id="RELEASE_INF"><gd tpipath="data/resolve[@method=LANGUAGE]">EKEYINF2</gd></data>
               <data id="LEGACY_INF"><gd tpipath="data/resolve[@method=LANGUAGE]">DRVRINF</gd></data>
            </item>
            <item id="1Q">
               <data id="RELEASE_INF"><gd tpipath="data/resolve[@method=LANGUAGE]">EKEYINF2</gd></data>
               <data id="LEGACY_INF"><gd tpipath="data/resolve[@method=LANGUAGE]">DRVRINF</gd></data>
            </item>
            <item id="1R">
               <data id="RELEASE_INF"><gd tpipath="data/resolve[@method=LANGUAGE]">EKEYINF2</gd></data>
               <data id="LEGACY_INF"><gd tpipath="data/resolve[@method=LANGUAGE]">DRVRINF</gd></data>
            </item>
            <item id="1S">
               <data id="RELEASE_INF"><gd tpipath="data/resolve[@method=LANGUAGE]">EKEYINF2</gd></data>
               <data id="LEGACY_INF"><gd tpipath="data/resolve[@method=LANGUAGE]">DRVRINF</gd></data>
            </item>
            <item id="1T">
               <data id="RELEASE_INF"><gd tpipath="data/resolve[@method=LANGUAGE]">EKEYINF2</gd></data>
               <data id="LEGACY_INF"><gd tpipath="data/resolve[@method=LANGUAGE]">DRVRINF</gd></data>
            </item>
            <item id="1U">
               <data id="RELEASE_INF"><gd tpipath="data/resolve[@method=LANGUAGE]">EKEYINF2</gd></data>
               <data id="LEGACY_INF"><gd tpipath="data/resolve[@method=LANGUAGE]">DRVRINF</gd></data>
            </item>
            <item id="1V">
               <data id="RELEASE_INF"><gd tpipath="data/resolve[@method=LANGUAGE]">EKEYINF2</gd></data>
               <data id="LEGACY_INF"><gd tpipath="data/resolve[@method=LANGUAGE]">DRVRINF</gd></data>
            </item>
            <item id="1W">
               <data id="RELEASE_INF"><gd tpipath="data/resolve[@method=LANGUAGE]">EKEYINF2</gd></data>
               <data id="LEGACY_INF"><gd tpipath="data/resolve[@method=LANGUAGE]">DRVRINF</gd></data>
            </item>
            <item id="1X">
               <data id="RELEASE_INF"><gd tpipath="data/resolve[@method=LANGUAGE]">EKEYINF2</gd></data>
               <data id="LEGACY_INF"><gd tpipath="data/resolve[@method=LANGUAGE]">DRVRINF</gd></data>
            </item>
            <item id="1Y">
               <data id="RELEASE_INF"><gd tpipath="data/resolve[@method=LANGUAGE]">EKEYINF2</gd></data>
               <data id="LEGACY_INF"><gd tpipath="data/resolve[@method=LANGUAGE]">DRVRINF</gd></data>
            </item>
            <item id="70">
               <data id="RELEASE_INF"><gd tpipath="data/resolve[@method=LANGUAGE]">EKEYINF2</gd></data>
               <data id="LEGACY_INF"><gd tpipath="data/resolve[@method=LANGUAGE]">DRVRINF</gd></data>
            </item>
            <item id="71">
               <data id="RELEASE_INF"><gd tpipath="data/resolve[@method=LANGUAGE]">EKEYINF2</gd></data>
               <data id="LEGACY_INF"><gd tpipath="data/resolve[@method=LANGUAGE]">DRVRINF</gd></data>
            </item>
            <item id="74">
               <data id="RELEASE_INF"><gd tpipath="data/resolve[@method=LANGUAGE]">EKEYINF2</gd></data>
               <data id="LEGACY_INF"><gd tpipath="data/resolve[@method=LANGUAGE]">DRVRINF</gd></data>
            </item>
            <item id="75">
               <data id="RELEASE_INF"><gd tpipath="data/resolve[@method=LANGUAGE]">EKEYINF2</gd></data>
               <data id="LEGACY_INF"><gd tpipath="data/resolve[@method=LANGUAGE]">DRVRINF</gd></data>
            </item>
            <item id="76">
               <data id="RELEASE_INF"><gd tpipath="data/resolve[@method=LANGUAGE]">EKEYINF2</gd></data>
               <data id="LEGACY_INF"><gd tpipath="data/resolve[@method=LANGUAGE]">DRVRINF</gd></data>
            </item>
         </resolve>
         <resolve method="LANGUAGE" default="0009">
            <item id="0009">
               <data id="NAME">ThinkPad web navigation keys agent</data>
               <data id="EKEYINF">\EKEYAGT\us.inf, DefaultInstall</data>
               <data id="EKEYINF2">\EKEYAGT\us.inf, DefaultInstall2</data>
               <data id="LGCYINF">\EKEYAGT\us.inf, LegacyInstall</data>
               <data id="DRVRINF">\EKEYAGT\us.inf, DriverInstall</data>
            </item>
            <item id="0011">
               <data id="NAME">ThinkPad web ナビゲーション キー エージェント</data>
               <data id="EKEYINF">\EKEYAGT\jp.inf, DefaultInstall</data>
               <data id="EKEYINF2">\EKEYAGT\jp.inf, DefaultInstall2</data>
               <data id="LGCYINF">\EKEYAGT\jp.inf, LegacyInstall</data>
               <data id="DRVRINF">\EKEYAGT\jp.inf, DriverInstall</data>
            </item>
            <item id="0006">
               <data id="NAME">ThinkPad Web-navigeringstaster</data>
               <data id="EKEYINF">\EKEYAGT\dk.inf, DefaultInstall</data>
               <data id="EKEYINF2">\EKEYAGT\dk.inf, DefaultInstall2</data>
               <data id="LGCYINF">\EKEYAGT\dk.inf, LegacyInstall</data>
               <data id="DRVRINF">\EKEYAGT\dk.inf, DriverInstall</data>
            </item>
            <item id="000B">
               <data id="NAME">ThinkPadin WWW-painikkeiden määritysohjelma</data>
               <data id="EKEYINF">\EKEYAGT\fi.inf, DefaultInstall</data>
               <data id="EKEYINF2">\EKEYAGT\fi.inf, DefaultInstall2</data>
               <data id="LGCYINF">\EKEYAGT\fi.inf, LegacyInstall</data>
               <data id="DRVRINF">\EKEYAGT\fi.inf, DriverInstall</data>
            </item>
            <item id="000C">
               <data id="NAME">Agent des touches de navigation du ThinkPad</data>
               <data id="EKEYINF">\EKEYAGT\fr.inf, DefaultInstall</data>
               <data id="EKEYINF2">\EKEYAGT\fr.inf, DefaultInstall2</data>
               <data id="LGCYINF">\EKEYAGT\fr.inf, LegacyInstall</data>
               <data id="DRVRINF">\EKEYAGT\fr.inf, DriverInstall</data>
            </item>
            <item id="0007">
               <data id="NAME">ThinkPad-Webnavigationstastenagent</data>
               <data id="EKEYINF">\EKEYAGT\gr.inf, DefaultInstall</data>
               <data id="EKEYINF2">\EKEYAGT\gr.inf, DefaultInstall2</data>
               <data id="LGCYINF">\EKEYAGT\gr.inf, LegacyInstall</data>
               <data id="DRVRINF">\EKEYAGT\gr.inf, DriverInstall</data>
            </item>
            <item id="0010">
               <data id="NAME">Agente dei tasti di navigazione web del ThinkPad</data>
               <data id="EKEYINF">\EKEYAGT\it.inf, DefaultInstall</data>
               <data id="EKEYINF2">\EKEYAGT\it.inf, DefaultInstall2</data>
               <data id="LGCYINF">\EKEYAGT\it.inf, LegacyInstall</data>
               <data id="DRVRINF">\EKEYAGT\it.inf, DriverInstall</data>
            </item>
            <item id="0013">
               <data id="NAME">ThinkPad agent voor internetknoppen</data>
               <data id="EKEYINF">\EKEYAGT\ne.inf, DefaultInstall</data>
               <data id="EKEYINF2">\EKEYAGT\ne.inf, DefaultInstall2</data>
               <data id="LGCYINF">\EKEYAGT\ne.inf, LegacyInstall</data>
               <data id="DRVRINF">\EKEYAGT\ne.inf, DriverInstall</data>
            </item>
            <item id="0014">
               <data id="NAME">Agent for web-navigeringstaster på ThinkPad</data>
               <data id="EKEYINF">\EKEYAGT\no.inf, DefaultInstall</data>
               <data id="EKEYINF2">\EKEYAGT\no.inf, DefaultInstall2</data>
               <data id="LGCYINF">\EKEYAGT\no.inf, LegacyInstall</data>
               <data id="DRVRINF">\EKEYAGT\no.inf, DriverInstall</data>
            </item>
            <item id="000A">
               <data id="NAME">Agente de teclas de navegación de Web de ThinkPad</data>
               <data id="EKEYINF">\EKEYAGT\sp.inf, DefaultInstall</data>
               <data id="EKEYINF2">\EKEYAGT\sp.inf, DefaultInstall2</data>
               <data id="LGCYINF">\EKEYAGT\sp.inf, LegacyInstall</data>
               <data id="DRVRINF">\EKEYAGT\sp.inf, DriverInstall</data>
            </item>
            <item id="001D">
               <data id="NAME">ThinkPads agent för navigeringstangenter för webb</data>
               <data id="EKEYINF">\EKEYAGT\sv.inf, DefaultInstall</data>
               <data id="EKEYINF2">\EKEYAGT\sv.inf, DefaultInstall2</data>
               <data id="LGCYINF">\EKEYAGT\sv.inf, LegacyInstall</data>
               <data id="DRVRINF">\EKEYAGT\sv.inf, DriverInstall</data>
            </item>
         </resolve>
      </data>
   </tpi>
   <tpi id="HOTKEY_3">
      <xrelease order="RELEASE">
         <release id="RELEASE">
            <title><gd tpipath="data/resolve[@method=LANGUAGE]">NAME</gd></title>
            <version>2.50</version>
            <lastversion id="CRITICAL" />
            <setup><gd tpipath="data/resolve[@method=BIOSID]">SYSTEM</gd></setup>
            <uninstall><gd tpipath="data/resolve[@method=LANGUAGE]">UNINST</gd></uninstall>
            <os id="9X">[98,]</os>
            <os id="NT">[2K,]</os>
            <dependency id="TPI">HOTKEY</dependency>
            <dependency id="IE">0401</dependency>
            <dependency id="HOTKEY">70000000</dependency>
         </release>
      </xrelease>
      <data>
         <resolve method="BIOSID" default="*">
            <item id="*">
               <data id="SYSTEM"><gd tpipath="data/resolve[@method=LANGUAGE]">INF</gd></data>
            </item>
         </resolve>
         <resolve method="LANGUAGE" default="0009">
            <item id="0009">
               <data id="NAME">IBM Easy Launch buttons</data>
               <data id="INF">\EZBTNS\US\EZBTNS.INF, DefaultInstall</data>
               <data id="UNINST">@DIR\EZBTNS.INF, DefaultUninstall</data>
            </item>
            <item id="0011">
               <data id="NAME">IBM イージーボタン</data>
               <data id="INF">\EZBTNS\JP\EZBTNS.INF, DefaultInstall</data>
               <data id="UNINST">@DIR\EZBTNS.INF, DefaultUninstall</data>
            </item>
         </resolve>
      </data>
   </tpi>
   <tpi id="HOTKEY_4">
      <xrelease order="RELEASE">
         <release id="RELEASE">
            <title><gd tpipath="data/resolve[@method=LANGUAGE]">NAME</gd></title>
            <version>1.01</version>
            <lastversion id="CRITICAL" />
            <setup>\FLPTOUCH\flptouch.inf, DefaultInstall</setup>
            <uninstall>@DIR\flptouch.inf, DefaultUninstall</uninstall>
            <os id="9X">[98,]</os>
            <os id="NT">[2K,]</os>
            <dependency id="TPI">HOTKEY</dependency>
            <dependency id="HOTKEY">00800000</dependency>
         </release>
      </xrelease>
      <data>
         <resolve method="LANGUAGE" default="0009">
            <item id="0009"><data id="NAME">IBM FlipTouch Control Utility</data></item>
            <item id="0011"><data id="NAME">IBM FlipTouch コントロール ユーティリティ</data></item>
            <item id="0007"><data id="NAME">IBM FlipTouch Steuerungsprogramm</data></item>
            <item id="000C"><data id="NAME">Utilitaire de contrôle IBM FlipTouch</data></item>
            <item id="0010"><data id="NAME">(Italian)IBM FlipTouch Control Utility</data></item>
         </resolve>
      </data>
   </tpi>
   <tpi id="HOTKEY">
      <xrelease order="RELEASE2K RELEASE">
         <release id="RELEASE2K">
            <title><gd tpipath="data/resolve[@method=LANGUAGE]">NAME</gd></title>
            <version>3.40.01</version>
            <lastversion id="CRITICAL">3.40.00</lastversion>
            <setup><gd tpipath="data/resolve[@method=LANGUAGE]">FILE2K</gd></setup>
            <uninstall>@DIR\tphkinst.inf, DefaultUninstall.2K</uninstall>
            <os id="9X"></os>
            <os id="NT">[2K,]</os>
            <dependency id="HOTKEY">FFFFFFFF</dependency>
         </release>
         <release id="RELEASE">
            <title><gd tpipath="data/resolve[@method=LANGUAGE]">NAME</gd></title>
            <version>3.40.01</version>
            <lastversion id="CRITICAL">3.00.02</lastversion>
            <setup><gd tpipath="data/resolve[@method=LANGUAGE]">FILE</gd></setup>
            <uninstall>@DIR\tphkinst.inf, DefaultUninstall</uninstall>
            <os id="9X">[98,]</os>
            <os id="NT">[NT,NT]</os>
            <dependency id="HOTKEY">FFFFFFFF</dependency>
         </release>
      </xrelease>
      <data>
         <resolve method="LANGUAGE" default="0009">
            <item id="0009">
               <data id="NAME">On Screen Display</data>
               <data id="FILE">\OSD\us.inf, DefaultInstall</data>
               <data id="FILE2K">\OSD\us.inf, DefaultInstall.2K</data>
            </item>
            <item id="0011">
               <data id="NAME">オン スクリーン表示</data>
               <data id="FILE">\OSD\jp.inf, DefaultInstall</data>
               <data id="FILE2K">\OSD\jp.inf, DefaultInstall.2K</data>
            </item>
            <item id="0006">
               <data id="NAME">Vis på skærm</data>
               <data id="FILE">\OSD\dk.inf, DefaultInstall</data>
               <data id="FILE2K">\OSD\dk.inf, DefaultInstall.2K</data>
            </item>
            <item id="000B">
               <data id="NAME">Kuvaruututeksti</data>
               <data id="FILE">\OSD\fi.inf, DefaultInstall</data>
               <data id="FILE2K">\OSD\fi.inf, DefaultInstall.2K</data>
            </item>
            <item id="000C">
               <data id="NAME">Incrustation</data>
               <data id="FILE">\OSD\fr.inf, DefaultInstall</data>
               <data id="FILE2K">\OSD\fr.inf, DefaultInstall.2K</data>
            </item>
            <item id="0007">
               <data id="NAME">Anzeige am Bildschirm</data>
               <data id="FILE">\OSD\gr.inf, DefaultInstall</data>
               <data id="FILE2K">\OSD\gr.inf, DefaultInstall.2K</data>
            </item>
            <item id="0010">
               <data id="NAME">Display su Schermo</data>
               <data id="FILE">\OSD\it.inf, DefaultInstall</data>
               <data id="FILE2K">\OSD\it.inf, DefaultInstall.2K</data>
            </item>
            <item id="0013">
               <data id="NAME">Weergave op scherm</data>
               <data id="FILE">\OSD\ne.inf, DefaultInstall</data>
               <data id="FILE2K">\OSD\ne.inf, DefaultInstall.2K</data>
            </item>
            <item id="0014">
               <data id="NAME">Visning på skjermen</data>
               <data id="FILE">\OSD\no.inf, DefaultInstall</data>
               <data id="FILE2K">\OSD\no.inf, DefaultInstall.2K</data>
            </item>
            <item id="000A">
               <data id="NAME">En pantalla</data>
               <data id="FILE">\OSD\sp.inf, DefaultInstall</data>
               <data id="FILE2K">\OSD\sp.inf, DefaultInstall.2K</data>
            </item>
            <item id="001D">
               <data id="NAME">Visa på skärmen</data>
               <data id="FILE">\OSD\sv.inf, DefaultInstall</data>
               <data id="FILE2K">\OSD\sv.inf, DefaultInstall.2K</data>
            </item>
            <item id="0404">
               <data id="NAME">On Screen Display</data>
               <data id="FILE">\OSD\tc.inf, DefaultInstall</data>
               <data id="FILE2K">\OSD\tc.inf, DefaultInstall.2K</data>
            </item>
            <item id="0804">
               <data id="NAME">On Screen Display</data>
               <data id="FILE">\OSD\sc.inf, DefaultInstall</data>
               <data id="FILE2K">\OSD\sc.inf, DefaultInstall.2K</data>
            </item>
            <item id="0012">
               <data id="NAME">On Screen Display</data>
               <data id="FILE">\OSD\kr.inf, DefaultInstall</data>
               <data id="FILE2K">\OSD\kr.inf, DefaultInstall.2K</data>
            </item>
         </resolve>
      </data>
   </tpi>
   <tpi id="HOTKEY_1">
      <xrelease order="RELEASE">
         <release id="RELEASE">
            <title><gd tpipath="data/resolve[@method=LANGUAGE]">NAME</gd></title>
            <version>1.17</version>
            <lastversion id="CRITICAL" />
            <setup><gd tpipath="data/resolve[@method=BIOSID]">SYSTEM</gd></setup>
            <uninstall>@REG\ThinkPad FullScreen Magnifier</uninstall>
            <os id="9X">[98,]</os>
            <os id="NT">[NT,]</os>
            <dependency id="TPI">HOTKEY</dependency>
            <dependency id="IE">0400</dependency>
            <dependency id="HOTKEY">00400000</dependency>
         </release>
      </xrelease>
      <data>
         <resolve method="BIOSID" default="*">
            <item id="*"><data id="SYSTEM">\ZOOM\TpScrex.inf, DefaultInstall</data></item>
            <item id="IW"><data id="SYSTEM"></data></item>
            <item id="IV"><data id="SYSTEM"></data></item>
            <item id="IY"><data id="SYSTEM"></data></item>
            <item id="IZ"><data id="SYSTEM"></data></item>
            <item id="KU"><data id="SYSTEM"></data></item>
            <item id="KX"><data id="SYSTEM"></data></item>
            <item id="KZ"><data id="SYSTEM"></data></item>
            <item id="16"><data id="SYSTEM"></data></item>
            <item id="10"><data id="SYSTEM"></data></item>
            <item id="1B"><data id="SYSTEM"></data></item>
            <item id="1A"><data id="SYSTEM"></data></item>
            <item id="1C"><data id="SYSTEM"></data></item>
            <item id="1D"><data id="SYSTEM"></data></item>
            <item id="1F"><data id="SYSTEM"></data></item>
         </resolve>
         <resolve method="LANGUAGE" default="0009">
            <item id="0009"><data id="NAME">ThinkPad FullScreen Magnifier</data></item>
            <item id="0011"><data id="NAME">ThinkPad 全画面拡大機能</data></item>
            <item id="0006"><data id="NAME">ThinkPad FullScreen Magnifier</data></item>
            <item id="000B"><data id="NAME">ThinkPad FullScreen Magnifier -ohjelma</data></item>
            <item id="000C"><data id="NAME">Loupe ThinkPad</data></item>
            <item id="0007"><data id="NAME">ThinkPad-Funktion &quot;FullScreen Magnifier&quot;</data></item>
            <item id="0010"><data id="NAME">ThinkPad FullScreen Magnifier</data></item>
            <item id="0013"><data id="NAME">ThinkPad FullScreen Magnifier</data></item>
            <item id="0014"><data id="NAME">ThinkPad FullScreen Magnifier</data></item>
            <item id="000A"><data id="NAME">Ampliación a pantalla completa de ThinkPad</data></item>
            <item id="001D"><data id="NAME">ThinkPad FullScreen Magnifier</data></item>
         </resolve>
      </data>
   </tpi>
</build>
