﻿<?xml version="1.0" encoding="UTF-8" standalone="yes" ?>
<?tpi version="0200" ?>
<build id="1RGS73WW">
   <tpi id="UNAV">
      <xrelease order="RELEASE">
         <release id="RELEASE">
            <device><![CDATA[\*IBM0057]]></device>
            <title><gd tpipath="data/resolve[@method=LANGUAGE]">NAME</gd></title>
            <version>7.5.17.9</version>
            <setup>\SETUP.EXE -s -SMS</setup>
            <uninstall>@REG\SynTPDeinstKey</uninstall>
            <os id="9X">[98,]</os>
            <os id="NT"></os>
         </release>
      </xrelease>
      <data>
         <resolve method="LANGUAGE" default="0009">
            <item id="0009">
               <data id="NAME">IBM ThinkPad UltraNav Driver</data>
            </item>
            <item id="0006">
               <data id="NAME">Styreprogrammet IBM ThinkPad UltraNav</data>
            </item>
            <item id="0007">
               <data id="NAME">IBM ThinkPad-UltraNav-Treiber</data>
            </item>
            <item id="000A">
               <data id="NAME">Controlador de IBM ThinkPad UltraNav</data>
            </item>
            <item id="000B">
               <data id="NAME">IBM ThinkPad UltraNav -ajuri</data>
            </item>
            <item id="0010">
               <data id="NAME">IBM ThinkPad UltraNav Driver</data>
            </item>
            <item id="0011">
               <data id="NAME">IBM ThinkPad UltraNav ドライバー</data>
            </item>
            <item id="0013">
               <data id="NAME">IBM ThinkPad UltraNav-stuurprogramma</data>
            </item>
            <item id="0014">
               <data id="NAME">IBM ThinkPad UltraNav-driver</data>
            </item>
            <item id="001D">
               <data id="NAME">IBM ThinkPad UltraNav-drivrutin</data>
            </item>
            <item id="040C">
               <data id="NAME">Pilote IBM ThinkPad UltraNav</data>
            </item>
         </resolve>
      </data>
   </tpi>
</build>
