<?xml version="1.0" encoding="UTF-8" standalone="yes" ?>
<?tpi version="0100" ?>
<build id="OSSA04WW">
   <tpi id="TICRDBS">
      <xrelease order="AC43 AC44 AC46 AC54 AC55 AC56 AC57 AC58 AC59 AC5A">
         <release id="AC43">
            <device><![CDATA[\PCI\VEN_104C&DEV_AC43]]></device>
            <title>Texas Instruments PCI-4550 CardBus Controller</title>
            <version>5.00.2195.3005</version>
            <setup><gd path="/build/data/resolve[@method=OS]">SETUP.AC43</gd></setup>
            <uninstall><gd path="/build/data/resolve[@method=OS]">UNINSTALL.AC43</gd></uninstall>
            <os id="9X"></os>
            <os id="NT">[2K,2K]</os>
         </release>
         <release id="AC44">
            <device><![CDATA[\PCI\VEN_104C&DEV_AC44]]></device>
            <title>Texas Instruments PCI-4510 CardBus Controller</title>
            <version>5.00.2195.3005</version>
            <setup><gd path="/build/data/resolve[@method=OS]">SETUP.AC44</gd></setup>
            <uninstall><gd path="/build/data/resolve[@method=OS]">UNINSTALL.AC44</gd></uninstall>
            <os id="9X"></os>
            <os id="NT">[2K,2K]</os>
         </release>
         <release id="AC46">
            <device><![CDATA[\PCI\VEN_104C&DEV_AC46]]></device>
            <title>Texas Instruments PCI-4520 CardBus Controller</title>
            <version>5.00.2195.3005</version>
            <setup><gd path="/build/data/resolve[@method=OS]">SETUP.AC46</gd></setup>
            <uninstall><gd path="/build/data/resolve[@method=OS]">UNINSTALL.AC46</gd></uninstall>
            <os id="9X"></os>
            <os id="NT">[2K,2K]</os>
         </release>
         <release id="AC54">
            <device><![CDATA[\PCI\VEN_104C&DEV_AC54]]></device>
            <title>Texas Instruments PCI-1620 CardBus Controller with UltraMedia</title>
            <version>5.00.2195.3005</version>
            <setup><gd path="/build/data/resolve[@method=OS]">SETUP.AC54</gd></setup>
            <uninstall><gd path="/build/data/resolve[@method=OS]">UNINSTALL.AC54</gd></uninstall>
            <os id="9X"></os>
            <os id="NT">[2K,2K]</os>
         </release>
         <release id="AC55">
            <device><![CDATA[\PCI\VEN_104C&DEV_AC55]]></device>
            <title>Texas Instruments PCI-1520 CardBus Controller</title>
            <version>5.00.2195.3005</version>
            <setup><gd path="/build/data/resolve[@method=OS]">SETUP.AC55</gd></setup>
            <uninstall><gd path="/build/data/resolve[@method=OS]">UNINSTALL.AC55</gd></uninstall>
            <os id="9X"></os>
            <os id="NT">[2K,2K]</os>
         </release>
         <release id="AC56">
            <device><![CDATA[\PCI\VEN_104C&DEV_AC56]]></device>
            <title>Texas Instruments PCI-1510 CardBus Controller</title>
            <version>5.00.2195.3005</version>
            <setup><gd path="/build/data/resolve[@method=OS]">SETUP.AC56</gd></setup>
            <uninstall><gd path="/build/data/resolve[@method=OS]">UNINSTALL.AC56</gd></uninstall>
            <os id="9X"></os>
            <os id="NT">[2K,2K]</os>
         </release>
         <release id="AC57">
            <device><![CDATA[\PCI\VEN_104C&DEV_AC57]]></device>
            <title>Texas Instruments PCI-1530 CardBus Controller</title>
            <version>5.00.2195.3005</version>
            <setup><gd path="/build/data/resolve[@method=OS]">SETUP.AC57</gd></setup>
            <uninstall><gd path="/build/data/resolve[@method=OS]">UNINSTALL.AC57</gd></uninstall>
            <os id="9X"></os>
            <os id="NT">[2K,2K]</os>
         </release>
         <release id="AC58">
            <device><![CDATA[\PCI\VEN_104C&DEV_AC58]]></device>
            <title>Texas Instruments PCI-1515 CardBus Controller</title>
            <version>5.00.2195.3005</version>
            <setup><gd path="/build/data/resolve[@method=OS]">SETUP.AC58</gd></setup>
            <uninstall><gd path="/build/data/resolve[@method=OS]">UNINSTALL.AC58</gd></uninstall>
            <os id="9X"></os>
            <os id="NT">[2K,2K]</os>
         </release>
         <release id="AC59">
            <device><![CDATA[\PCI\VEN_104C&DEV_AC59]]></device>
            <title>Texas Instruments PCI-1621 CardBus Controller</title>
            <version>5.00.2195.3005</version>
            <setup><gd path="/build/data/resolve[@method=OS]">SETUP.AC59</gd></setup>
            <uninstall><gd path="/build/data/resolve[@method=OS]">UNINSTALL.AC59</gd></uninstall>
            <os id="9X"></os>
            <os id="NT">[2K,2K]</os>
         </release>
         <release id="AC5A">
            <device><![CDATA[\PCI\VEN_104C&DEV_AC5A]]></device>
            <title>Texas Instruments PCI-1610 CardBus Controller</title>
            <version>5.00.2195.3005</version>
            <setup><gd path="/build/data/resolve[@method=OS]">SETUP.AC5A</gd></setup>
            <uninstall><gd path="/build/data/resolve[@method=OS]">UNINSTALL.AC5A</gd></uninstall>
            <os id="9X"></os>
            <os id="NT">[2K,2K]</os>
         </release>
      </xrelease>
   </tpi>
   <data>
      <resolve method="OS" default="2K">
         <item id="2K">
            <data id="SETUP.AC43">\W2K\ticb2k.inf, *(TI,PCI\VEN_104C&amp;DEV_AC43.DeviceDesc)</data>
            <data id="UNINSTALL.AC43">@DEV\W2K\ticb2k.inf, *(TI,PCI\VEN_104C&amp;DEV_AC43.DeviceDesc)</data>
            <data id="SETUP.AC44">\W2K\ticb2k.inf, *(TI,PCI\VEN_104C&amp;DEV_AC44.DeviceDesc)</data>
            <data id="UNINSTALL.AC44">@DEV\W2K\ticb2k.inf, *(TI,PCI\VEN_104C&amp;DEV_AC44.DeviceDesc)</data>
            <data id="SETUP.AC46">\W2K\ticb2k.inf, *(TI,PCI\VEN_104C&amp;DEV_AC46.DeviceDesc)</data>
            <data id="UNINSTALL.AC46">@DEV\W2K\ticb2k.inf, *(TI,PCI\VEN_104C&amp;DEV_AC46.DeviceDesc)</data>
            <data id="SETUP.AC54">\W2K\ticb2k.inf, *(TI,PCI\VEN_104C&amp;DEV_AC54.DeviceDesc)</data>
            <data id="UNINSTALL.AC54">@DEV\W2K\ticb2k.inf, *(TI,PCI\VEN_104C&amp;DEV_AC54.DeviceDesc)</data>
            <data id="SETUP.AC55">\W2K\ticb2k.inf, *(TI,PCI\VEN_104C&amp;DEV_AC55.DeviceDesc)</data>
            <data id="UNINSTALL.AC55">@DEV\W2K\ticb2k.inf, *(TI,PCI\VEN_104C&amp;DEV_AC55.DeviceDesc)</data>
            <data id="SETUP.AC56">\W2K\ticb2k.inf, *(TI,PCI\VEN_104C&amp;DEV_AC56.DeviceDesc)</data>
            <data id="UNINSTALL.AC56">@DEV\W2K\ticb2k.inf, *(TI,PCI\VEN_104C&amp;DEV_AC56.DeviceDesc)</data>
            <data id="SETUP.AC57">\W2K\ticb2k.inf, *(TI,PCI\VEN_104C&amp;DEV_AC57.DeviceDesc)</data>
            <data id="UNINSTALL.AC57">@DEV\W2K\ticb2k.inf, *(TI,PCI\VEN_104C&amp;DEV_AC57.DeviceDesc)</data>
            <data id="SETUP.AC58">\W2K\ticb2k.inf, *(TI,PCI\VEN_104C&amp;DEV_AC58.DeviceDesc)</data>
            <data id="UNINSTALL.AC58">@DEV\W2K\ticb2k.inf, *(TI,PCI\VEN_104C&amp;DEV_AC58.DeviceDesc)</data>
            <data id="SETUP.AC59">\W2K\ticb2k.inf, *(TI,PCI\VEN_104C&amp;DEV_AC59.DeviceDesc)</data>
            <data id="UNINSTALL.AC59">@DEV\W2K\ticb2k.inf, *(TI,PCI\VEN_104C&amp;DEV_AC59.DeviceDesc)</data>
            <data id="SETUP.AC5A">\W2K\ticb2k.inf, *(TI,PCI\VEN_104C&amp;DEV_AC5A.DeviceDesc)</data>
            <data id="UNINSTALL.AC5A">@DEV\W2K\ticb2k.inf, *(TI,PCI\VEN_104C&amp;DEV_AC5A.DeviceDesc)</data>
         </item>
      </resolve>
   </data>
</build>
