<?xml version="1.0" encoding="UTF-8" standalone="yes" ?>
<?tpi version="0200" ?>
<build id="1QWC70WW">
   <tpi id="WLLANPHL" downlevel="WLANPHMH">
      <xrelease order="REL_ALL">
         <release id="REL_ALL">
            <device><![CDATA[\PCI\VEN_168C&DEV_0012&SUBSYS_831017ab,\PCI\VEN_168C&DEV_1014&SUBSYS_833117ab]]></device>
            <title>IBM 11a/b/g Wireless LAN Mini PCI Adapter Software</title>
            <version>2.4.1.13</version>
            <setup>\SETUP.EXE -S -SMS, ISHIELD</setup>
            <uninstall>@REG\{AB45BBE5-5F76-4753-8DC5-A0F118DEEDF7}</uninstall>
            <os id="9X"></os>
            <os id="NT">[2K,XP]</os>
         </release>
      </xrelease>
   </tpi>
</build>
