<?xml version="1.0" encoding="UTF-8" standalone="yes" ?>
<?tpi version="0200" ?>
<build id="1URB11WW">
   <title>Intel(R) PRO/10/100/1000 LAN Adapter Software for Windows 98</title>
   <version>Build 73398</version>
   <tpi id="BASE_DD">
      <xrelease order="INTELMT98-1E INTELMT98-77 INTELVE98">
         <release id="INTELMT98-1E">
            <device><![CDATA[\PCI\VEN_8086&DEV_101E]]></device>
            <title><gd tpipath="data/resolve[@method=LANGUAGE]">INTELMT</gd></title>
            <version>7.2.17.0</version>
            <setup>\PRO1000\WIN_98ME\e1000w9x.inf, *(Intel, E101E.DeviceDesc)</setup>
            <uninstall>@DEV\PRO1000\WIN_98ME\e1000w9x.inf, *(Intel, E101E.DeviceDesc)</uninstall>
            <os id="9X">[98,98]</os>
            <os id="NT"></os>
         </release>
         <release id="INTELMT98-77">
            <device><![CDATA[\PCI\VEN_8086&DEV_1077]]></device>
            <title><gd tpipath="data/resolve[@method=LANGUAGE]">INTELMT</gd></title>
            <version>7.2.17.0</version>
            <setup>\PRO1000\WIN_98ME\e1000w9x.inf, *(Intel, E1077MC.DeviceDesc)</setup>
            <uninstall>@DEV\PRO1000\WIN_98ME\e1000w9x.inf, *(Intel, E1077MC.DeviceDesc)</uninstall>
            <os id="9X">[98,98]</os>
            <os id="NT"></os>
         </release>
         <release id="INTELVE98">
            <device><![CDATA[\PCI\VEN_8086&DEV_1031,\PCI\VEN_8086&DEV_103D]]></device>
            <title><gd tpipath="data/resolve[@method=LANGUAGE]">INTELVE</gd></title>
            <version>7.0.26.0</version>
            <setup>\PRO100\WIN_98ME\e100b9xa.inf, *(V_INTEL, PCIE100EMBLOM.DeviceDesc)</setup>
            <uninstall>@DEV\PRO100\WIN_98ME\e100b9xa.inf, *(V_INTEL, PCIE100EMBLOM.DeviceDesc)</uninstall>
            <os id="9X">[98,98]</os>
            <os id="NT"></os>
         </release>
      </xrelease>
      <data>
         <resolve method="LANGUAGE" default="0009">
            <item id="0009">
               <data id="INTELMT">Intel(R) PRO/1000 MT Mobile Connection</data>
               <data id="INTELVE">Intel(R) PRO/100 VE Network Connection</data>
            </item>
         </resolve>
      </data>
   </tpi>
   <tpi id="PROSET">
      <xrelease order="INTELPROSET98">
         <release id="INTELPROSET98">
            <device><![CDATA[\PCI\VEN_8086&DEV_1031,\PCI\VEN_8086&DEV_103D,\PCI\VEN_8086&DEV_101E,\PCI\VEN_8086&DEV_1077]]></device>
            <title><gd tpipath="data/resolve[@method=LANGUAGE]">INTELPROSETII</gd></title>
            <version>2.30.1000</version>
            <setup>\APPS\PROSet\WN98SEME\PROSet.exe /qn WIRELESS=0 REBOOT=ReallySuppress</setup>
            <uninstall>@REG\{D63B7E7B-2791-4E2E-8835-9BD6F23E75FE}</uninstall>
            <os id="9X">[98,98]</os>
            <os id="NT"></os>
            <dependency id="TPI">BASE_DD</dependency>
         </release>
      </xrelease>
      <data>
         <resolve method="LANGUAGE" default="0009">
            <item id="0009">
               <data id="INTELPROSETII">Intel(R) PROSet II</data>
            </item>
         </resolve>
      </data>
   </tpi>
</build>