﻿<?xml version="1.0" encoding="UTF-8" standalone="yes" ?>
<?tpi version="0200" ?>
<build id="78MA08WW">
  <tpi id="CNMDMCDC">
<!-- ********************************************************** -->
<!-- **************** Installation Properties ***************** -->
<!-- ********************************************************** -->
    <xrelease order="REL_NT REL_9X REL_2K REL_ATi">

      <!-- Intel ICH, Windows NT -->
      <release id="REL_NT">
        <device><gd tpipath="data/resolve[@method=LANGUAGE]">DEVICE_ICH</gd></device>
        <title><gd tpipath="data/resolve[@method=LANGUAGE]">NAME_NT</gd></title>
        <version><gd tpipath="data/resolve[@method=LANGUAGE]">VERSION_NT</gd></version>
        <setup><gd tpipath="data/resolve[@method=LANGUAGE]">SETUP</gd></setup>
        <uninstall><gd tpipath="data/resolve[@method=LANGUAGE]">UNINST_REG_NT</gd></uninstall>
        <os id="9X"></os>
        <os id="NT">[NT,NT]</os>
      </release>

      <!-- Intel ICH,  Windows 98 -->
      <release id="REL_9X">
        <device><gd tpipath="data/resolve[@method=LANGUAGE]">DEVICE_ICH</gd></device>
        <title><gd tpipath="data/resolve[@method=LANGUAGE]">NAME_9X</gd></title>
        <version><gd tpipath="data/resolve[@method=LANGUAGE]">VERSION_9X</gd></version>
        <setup><gd tpipath="data/resolve[@method=LANGUAGE]">SETUP</gd></setup>
        <uninstall><gd tpipath="data/resolve[@method=LANGUAGE]">UNINST_REG_9X</gd></uninstall>
        <os id="9X">[98,98]</os>
        <os id="NT"></os>
      </release>

      <!-- Intel ICH, Windows 2000 and XP -->
      <release id="REL_2K">
        <device><gd tpipath="data/resolve[@method=LANGUAGE]">DEVICE_ICH</gd></device>
        <title><gd tpipath="data/resolve[@method=LANGUAGE]">NAME_2K</gd></title>
        <version><gd tpipath="data/resolve[@method=LANGUAGE]">VERSION_2K</gd></version>
        <setup><gd tpipath="data/resolve[@method=LANGUAGE]">SETUP</gd></setup>
        <uninstall><gd tpipath="data/resolve[@method=LANGUAGE]">UNINST_REG_2K</gd></uninstall>
        <os id="9X"></os>
        <os id="NT">[2K,XP]</os>
      </release>

      <!-- ATi SB400, Windows 2000 and XP -->
      <release id="REL_ATi">
        <device><gd tpipath="data/resolve[@method=LANGUAGE]">DEVICE_ATi</gd></device>
        <title><gd tpipath="data/resolve[@method=LANGUAGE]">NAME_2K_ATi</gd></title>
        <version><gd tpipath="data/resolve[@method=LANGUAGE]">VERSION_ATi</gd></version>
        <setup><gd tpipath="data/resolve[@method=LANGUAGE]">SETUP</gd></setup>
        <uninstall><gd tpipath="data/resolve[@method=LANGUAGE]">UNINST_REG_ATi</gd></uninstall>
        <os id="9X"></os>
        <os id="NT">[2K,XP]</os>
      </release>
    </xrelease>

<!-- ********************************************************** -->
<!-- ********************     Strings         ***************** -->
<!-- ********************************************************** -->
    <data>
      <resolve method="LANGUAGE" default="0009">
        <item id="0009">
          <!-- Device Name -->
          <data id="NAME_9X">ThinkPad Integrated 56K Modem for Windows 98</data>
          <data id="NAME_NT">ThinkPad Integrated 56K Modem for Windows NT4.0</data>
          <data id="NAME_2K">ThinkPad Integrated 56K Modem for Windows 2000/XP</data>
          <data id="NAME_2K_ATi">ThinkPad Integrated 56K Modem for Windows 2000/XP</data>

          <!-- Device Driver Version -->
          <data id="VERSION_9X">7.12.15.51</data>
          <data id="VERSION_NT">7.12.15.52</data>
          <data id="VERSION_2K">7.34.00.00</data>
          <data id="VERSION_ATi">7.34.00.50</data>

          <!-- Silent Installation -->
          <data id="SETUP">\HXFSetup.exe -s</data>

          <!-- Uninstallation -->
          <data id="UNINST_REG_NT">@REG\WinAcHsf</data>
          <data id="UNINST_REG_9X">@REG\CNXT_MODEM_PCI_VEN_8086&amp;DEV_24C6&amp;SUBSYS_05591014</data>
          <data id="UNINST_REG_2K">@REG\CNXT_MODEM_PCI_VEN_8086&amp;DEV_24C6&amp;SUBSYS_05591014</data>
          <data id="UNINST_REG_ATi">@REG\CNXT_MODEM_PCI_VEN_1002&amp;DEV_4378&amp;SUBSYS_05871014</data>

          <!-- Device Selection -->
          <!-- Intel ICH -->
          <data id="DEVICE_ICH">
            <![CDATA[\PCI\VEN_8086&DEV_24C6&SUBSYS_05591014,\PCI\VEN_8086&DEV_24C6&SUBSYS_055A1014,\PCI\VEN_8086&DEV_24C6&SUBSYS_05841014,\PCI\VEN_8086&DEV_266D&SUBSYS_05761014,\PCI\VEN_8086&DEV_266D&SUBSYS_05741014]]>
          </data>
          <!-- ATi SB400 -->
          <data id="DEVICE_ATi">
            <![CDATA[\PCI\VEN_1002&DEV_4378&SUBSYS_05871014]]>
          </data>
        </item>
      </resolve>
    </data>
  </tpi>
</build>
