<?xml version="1.0" encoding="UTF-8" standalone="yes" ?>
<?tpi version="0200" ?>
<build id="1GA508WW">
   <tpi id="AUDIO">
      <xrelease order="RELEASE">
         <release id="RELEASE">
            <device><![CDATA[\pci\ven_8086&dev_24C5,\pci\ven_8086&dev_2485]]></device>
	    <title><gd tpipath="data/resolve[@method=LANGUAGE]">NAME</gd></title>
            <version>4.11.01.0627</version>
            <setup>\setup.exe -s -sms, ISHIELD</setup>
            <uninstall>@reg\SoundMax</uninstall>
            <os id="9X">[98.,98.]</os>
            <os id="NT"></os>
         </release>
      </xrelease>
      <data>
         <resolve method="LANGUAGE" default="0009">
            <item id="0009">
               <data id="NAME">IBM ThinkPad Audio Features VI for Windows 95 / 98</data>
            </item>
            <item id="0011">
               <data id="NAME">IBM ThinkPad Audio Features VI for Windows 95 / 98</data>
            </item>
            <item id="0006">
               <data id="NAME">IBM ThinkPad Audio Features VI for Windows 95 / 98</data>
            </item>
            <item id="000B">
               <data id="NAME">IBM ThinkPad Audio Features VI for Windows 95 / 98</data>
            </item>
            <item id="000C">
               <data id="NAME">IBM ThinkPad Audio Features VI for Windows 95 / 98</data>
            </item>
            <item id="0007">
               <data id="NAME">IBM ThinkPad Audio Features VI for Windows 95 / 98</data>
            </item>
            <item id="0010">
               <data id="NAME">IBM ThinkPad Audio Features VI for Windows 95 / 98</data>
            </item>
            <item id="0013">
               <data id="NAME">IBM ThinkPad Audio Features VI for Windows 95 / 98</data>
            </item>
            <item id="0014">
               <data id="NAME">IBM ThinkPad Audio Features VI for Windows 95 / 98</data>
            </item>
            <item id="000A">
               <data id="NAME">IBM ThinkPad Audio Features VI for Windows 95 / 98</data>
            </item>
            <item id="001D">
               <data id="NAME">IBM ThinkPad Audio Features VI for Windows 95 / 98</data>
            </item>
         </resolve>
      </data>
   </tpi>
</build>
