<?xml version="1.0" encoding="UTF-8" standalone="yes" ?>
<?tpi version="0200" ?>
<build id="IWX426WW">
   <tpi id="DOCKIDE">
      <xrelease order="REL_98 REL_NT">
         <release id="REL_98">
            <device><![CDATA[\PCI\VEN_1095&DEV_0648]]></device>
            <title><gd tpipath="data/resolve[@method=LANGUAGE]">NAME</gd></title>
            <version>3.1.4</version>
            <setup>\winme\cmddma.inf, *(CMD, PCI\VEN_1095&amp;DEV_0648.DeviceDesc)</setup>
            <uninstall>@DEV\winme\cmddma.inf, *(CMD, PCI\VEN_1095&amp;DEV_0648.DeviceDesc)</uninstall>
            <os id="9X">[ME,ME]</os>
            <os id="NT"></os>
         </release>
         <release id="REL_NT">
            <device><![CDATA[\PCI\VEN_1095&DEV_0648]]></device>
            <title><gd tpipath="data/resolve[@method=LANGUAGE]">NAME</gd></title>
            <version>2.0.4</version>
            <setup>\win2k\cmdide.inf, *(CMD, PCI\VEN_1095&amp;DEV_0648.DeviceDesc)</setup>
            <uninstall>@DEV\win2k\cmdide.inf, *(CMD, PCI\VEN_1095&amp;DEV_0648.DeviceDesc)</uninstall>
            <os id="9X"></os>
            <os id="NT">[2K,2K]</os>
         </release>
      </xrelease>
      <data>
         <resolve method="LANGUAGE" default="0009">
            <item id="0009">
               <data id="NAME">IBM ThinkPad Ultra DMA IDE Driver for Windows 95 / 98 / Me / 2000</data>
            </item>
         </resolve>
      </data>
   </tpi>
</build>
